vent_type,surf_id,XB1,XB2,XB3,XB4,XB5,XB6,VEL,VEL_T
Louvered Square,supply 1,4.0,4.0,0.15,0.2,2.55,2.85,-0.1,"-0.0707106781186548,0.0"
Louvered Square,supply 2,4.0,4.0,0.2,0.4,2.8,2.85,-0.1,"4.32963728535968e-18,0.0707106781186548"
Louvered Square,supply 3,4.0,4.0,0.4,0.45,2.55,2.85,-0.1,"0.0707106781186548,0.0"
Louvered Square,supply 4,4.0,4.0,0.2,0.4,2.55,2.6,-0.1,"4.32963728535968e-18,-0.0707106781186548"
Louvered Square,supply 5,4.0,4.0,0.2,0.25,2.65,2.75,-0.1,"-0.0707106781186548,0.0"
Louvered Square,supply 6,4.0,4.0,0.2,0.4,2.75,2.8,-0.1,"4.32963728535968e-18,0.0707106781186548"
Louvered Square,supply 7,4.0,4.0,0.35,0.4,2.65,2.75,-0.1,"0.0707106781186548,0.0"
Louvered Square,supply 8,4.0,4.0,0.2,0.4,2.6,2.65,-0.1,"4.32963728535968e-18,-0.0707106781186548"
Louvered Square,supply 1,4.0,4.0,3.08333333333333,3.13333333333333,2.55,2.85,-0.1,"-0.0707106781186548,0.0"
Louvered Square,supply 2,4.0,4.0,3.13333333333333,3.33333333333333,2.8,2.85,-0.1,"4.32963728535968e-18,0.0707106781186548"
Louvered Square,supply 3,4.0,4.0,3.33333333333333,3.38333333333333,2.55,2.85,-0.1,"0.0707106781186548,0.0"
Louvered Square,supply 4,4.0,4.0,3.13333333333333,3.33333333333333,2.55,2.6,-0.1,"4.32963728535968e-18,-0.0707106781186548"
Louvered Square,supply 5,4.0,4.0,3.13333333333333,3.18333333333333,2.65,2.75,-0.1,"-0.0707106781186548,0.0"
Louvered Square,supply 6,4.0,4.0,3.13333333333333,3.33333333333333,2.75,2.8,-0.1,"4.32963728535968e-18,0.0707106781186548"
Louvered Square,supply 7,4.0,4.0,3.28333333333333,3.33333333333333,2.65,2.75,-0.1,"0.0707106781186548,0.0"
Louvered Square,supply 8,4.0,4.0,3.13333333333333,3.33333333333333,2.6,2.65,-0.1,"4.32963728535968e-18,-0.0707106781186548"
Louvered Square,exhaust,3.55,3.85,0.0,0.0,0.15,0.45,0.1,
Louvered Square,exhaust,2.41666666666667,2.71666666666667,5.0,5.0,0.15,0.45,0.1,
