vent_type,surf_id,XB1,XB2,XB3,XB4,XB5,XB6,VEL,VEL_T
Linear,supply,2.41666666666667,2.71666666666667,0.15,0.45,3.0,3.0,-0.1,
Linear,supply,4.0,4.0,3.08333333333333,3.38333333333333,0.15,0.45,-0.1,
Linear,supply,2.41666666666667,2.71666666666667,0.0,0.0,2.55,2.85,-0.1,
Linear,exhaust,3.55,3.85,4.55,4.85,0.0,0.0,0.1,
